1	Supported.
2	Supported.
3	Supported.
4	Supported.
5	Supported.
6	Refuted.
7	Supported.
8	Refuted.
9	Refuted.
10	Supported.
11	Refuted.
12	Refuted.
13	Supported.
14	Refuted
15	Refuted.
16	Refuted.
17	Supported.
18	Refuted.
19	Refuted.
20	Refuted.
21	Supported.
22	Supported.
23	Supported.
24	Supported.
25	Supported.
26	Supported.
27	Supported.
28	Refuted.
29	Supported.
30	Refuted.
31	Supported.
32	Supported.
33	Supported.
34	Supported.
35	Supported.
36	Refuted.
37	Supported.
38	Supported.
39	Refuted.
40	Supported.
41	Supported
42	Supported.
43	Supported.
44	Supported.
45	Supported.
46	Refuted
47	Refuted.
48	Supported
49	Supported.
50	Supported.
51	Supported.
52	Supported.
53	Supported.
54	Supported.
55	Refuted.
56	Supported.
57	Supported.
58	Supported.
59	Supported.
60	Supported.
61	Supported.
62	Supported.
63	Supported.
64	Refuted.
65	Supported.
66	Supported.
67	Supported.
68	Supported.
69	Supported.
70	Supported.
71	Supported.
72	Supported.
73	supported
74	Supported.
75	Refuted.
76	Supported.
77	Refuted.
78	supported
79	Supported.
80	Supported.
81	Supported.
82	Supported.
83	Supported.
84	Refuted.
85	Supported.
86	Refuted.
87	Supported.
88	Refuted
89	Supported.
90	Supported.
91	Supported.
92	Supported.
93	Supported.
94	Supported.
95	Refuted.
96	Supported.
97	Refuted
98	Refuted.
99	Refuted.
100	Refuted.
101	Refuted.
102	Supported.
103	Supported.
104	Refuted.
105	Refuted.
106	Supported.
107	Supported.
108	Refuted.
109	Refuted.
110	Supported.
111	Refuted.
112	Refuted.
113	Supported.
114	Supported.
115	Refuted.
116	Supported.
117	Supported.
118	Supported.
119	Supported.
120	Supported.
121	Supported.
122	Supported.
123	Supported
124	Supported.
125	Supported.
126	Supported.
127	Supported.
128	Supported.
129	Refuted.
130	Supported.
131	Refuted.
132	Supported.
133	Supported.
134	refuted
135	Supported.
136	Refuted.
137	Refuted.
138	Refuted.
139	Supported.
140	Refuted.
141	Supported.
142	Refuted.
143	Refuted.
144	Refuted.
145	refuted
146	Refuted.
147	Supported.
148	Supported.
149	Supported.
150	Supported.
151	Supported.
152	Refuted.
153	Supported.
154	Supported.
155	Refuted
156	Refuted.
157	Refuted.
158	Supported.
159	Supported.
160	Supported.
161	Supported.
162	Supported.
163	Supported.
164	Refuted.
165	Supported.
166	Supported.
167	Refuted.
168	Supported.
169	supported
170	Supported.
171	Supported.
172	Supported.
173	Refuted.
174	Supported.
175	Supported.
176	Supported.
177	Supported.
178	Supported.
179	Supported.
180	Refuted
181	Supported.
182	Supported.
183	Refuted.
184	refuted
185	Supported.
186	Refuted.
187	Refuted.
188	Supported.
189	Supported.
190	supported
191	Supported.
192	Supported.
193	Supported.
194	supported
195	Supported.
196	Supported.
197	Supported.
198	Supported.
199	Supported.
200	Supported.
201	Supported.
202	Supported.
203	Refuted.
204	Refuted.
205	Supported.
206	Refuted.
207	Refuted.
208	Refuted.
209	Refuted.
210	Supported.
211	Supported.
212	Supported.
213	Refuted
214	Refuted.
215	Supported.
216	Supported.
217	Refuted.
218	Supported.
219	Supported.
220	Supported.
221	Supported.
222	Refuted.
223	Supported.
224	Refuted.
225	Refuted.
226	Refuted.
227	Refuted.
228	Supported
229	Refuted.
230	Supported.
231	Supported.
232	Supported.
233	Supported.
234	refuted
235	Supported.
236	Supported.
237	Supported.
238	Supported.
239	Supported.
240	Supported.
241	Supported.
242	Supported.
243	Supported.
244	Refuted.
245	Refuted.
246	Refuted.
247	Refuted.
248	Supported.
249	Supported.
250	Refuted.
251	Supported.
252	Supported.
253	Supported.
254	Supported.
255	Supported.
256	Supported.
257	Supported.
258	Supported.
259	Supported.
260	Partially supported.
261	Supported.
262	Refuted.
263	Refuted.
264	Refuted.
265	Refuted.
266	Supported.
267	Refuted.
268	refuted
269	Supported.
270	Refuted.
271	Supported.
272	Supported.
273	Supported.
274	Supported.
275	Refuted.
276	Supported.
277	Supported.
278	Supported.
279	Supported.
280	Supported.
281	Supported.
282	Supported.
283	Refuted.
284	Supported.
285	Supported.
286	Supported.
287	Refuted.
288	Supported.
289	Supported.
290	Supported.
291	Supported.
292	Supported.
293	Refuted.
294	Supported.
295	Refuted.
296	Supported.
297	Supported.
298	Refuted.
299	Refuted.
300	Refuted.
301	Refuted.
302	Supported.
303	Supported.
304	Supported.
305	Refuted.
306	Supported.
307	Refuted
308	Supported.
309	Supported.
310	Refuted.
311	Supported.
312	Supported.
313	Refuted.
314	Refuted.
315	Refuted.
316	Supported.
317	Supported.
318	Supported.
319	Supported.
320	Supported.
321	Supported.
322	Refuted
323	Refuted.
324	Supported.
325	Refuted.
326	Supported.
327	Supported.
328	Supported.
329	Supported.
330	Supported.
331	Supported.
332	Refuted.
333	Refuted.
334	Refuted
335	Refuted.
336	Refuted.
337	Supported.
338	Supported.
339	Supported.
340	Supported.
341	Supported.
342	supported
343	Supported.
344	Refuted.
345	Refuted.
346	Supported.
347	Supported.
348	Supported.
349	Supported.
350	Supported.
351	Supported.
352	Refuted.
353	Refuted.
354	Supported.
355	Supported.
356	Supported.
357	Supported
358	Supported.
359	refuted
360	Supported.
361	Refuted.
362	Supported.
363	Supported.
364	refuted
365	Refuted.
366	Supported.
367	Supported
368	Supported.
369	Supported.
370	Supported.
371	Refuted.
372	Supported.
373	Supported.
374	Refuted.
375	Refuted
376	Supported.
377	Supported.
378	Supported.
379	Supported.
380	Supported.
381	Refuted.
382	Refuted.
383	Refuted.
384	Refuted.
385	Refuted.
386	Refuted.
387	Supported.
388	Refuted.
389	Supported.
390	Supported.
391	Refuted.
392	Supported.
393	Supported.
394	Supported.
395	Refuted.
396	Supported.
397	Supported.
398	Supported.
399	Refuted.
400	Refuted.
401	Refuted.
402	Supported.
403	Supported.
404	Supported.
405	refuted
406	supported
407	supported
408	Supported.
409	supported
410	supported
411	Refuted.
412	refuted
413	Refuted.
414	Refuted.
415	Refuted.
416	Supported.
417	Supported.
418	Supported.
419	Supported.
420	Supported.
421	Supported.
422	Supported.
423	Supported.
424	Supported.
425	Supported.
426	Supported.
427	Supported
428	Refuted.
429	Supported.
430	Supported.
431	Supported.
432	Supported.
433	Refuted.
434	Supported.
435	Supported.
436	Supported.
437	Supported.
438	Supported.
439	Supported.
440	Refuted.
441	Supported.
442	Supported.
443	supported
444	Supported.
445	refuted
446	Supported.
447	Supported.
448	Supported.
449	Supported
450	Supported.
451	Refuted.
452	Supported.
453	Supported.
454	Supported.
455	Refuted.
456	Refuted.
457	Supported.
458	Refuted.
459	Refuted.
460	Supported.
461	Refuted.
462	Refuted.
463	Supported.
464	Refuted.
465	Refuted.
466	Supported.
467	Supported.
468	Supported.
469	Supported.
470	Refuted.
471	Supported.
472	Supported.
473	Refuted
474	Refuted.
475	Refuted.
476	Supported.
477	supported.
478	Supported.
479	Supported.
480	Supported.
481	Supported.
482	Supported.
483	Supported.
484	Supported.
485	Supported.
486	Supported.
487	Supported.
488	Supported.
489	Refuted.
490	Refuted.
491	Supported.
492	Supported.
493	Refuted.
494	Refuted.
495	Supported.
496	Supported.
497	Supported.
498	supported
499	Supported.
500	Refuted.
501	Supported.
502	Supported.
503	Supported.
504	Supported.
505	Supported.
506	Supported.
507	Supported.
508	Supported.
509	Supported.
510	Supported.
511	Refuted.
512	Supported.
513	Refuted.
514	Refuted.
515	Refuted.
516	Supported.
517	Supported.
518	Refuted.
519	Refuted.
520	Refuted.
521	Supported.
522	Refuted.
523	Refuted.
524	Refuted.
525	Supported.
526	Supported.
527	Supported.
528	Supported.
529	Refuted.
530	Supported.
531	Refuted.
532	Refuted.
533	Supported.
534	Supported.
535	Supported.
536	Supported.
537	Supported.
538	Supported.
539	Supported.
540	Supported.
541	Supported.
542	Refuted.
543	Refuted.
544	Supported.
545	Refuted.
546	Refuted
547	Refuted.
548	Supported.
549	Supported.
550	Supported.
551	Refuted.
552	refuted
553	Supported.
554	Refuted.
555	Refuted
556	Supported.
557	Refuted.
558	Refuted
559	Refuted.
560	Supported.
561	Supported.
562	Refuted.
563	Refuted.
564	Refuted
565	Refuted.
566	Supported.
567	Refuted.
568	Supported.
569	Supported.
570	Supported.
571	Refuted.
572	Refuted.
573	Supported.
574	Supported.
575	Supported.
576	Supported.
577	Supported.
578	Supported.
579	Supported.
580	Supported.
581	Supported.
582	Supported.
583	Supported.
584	Supported.
585	Supported.
586	Supported.
587	Supported.
588	Supported.
589	Refuted
590	Supported.
591	Refuted.
592	Supported.
593	Supported.
594	Refuted.
595	Supported.
596	Supported.
597	Supported.
598	Refuted.
599	Refuted.
600	Refuted.
601	Supported.
602	Supported.
603	Refuted.
604	Refuted.
605	Refuted.
606	Supported.
607	supported
608	Supported.
609	Supported.
610	Refuted.
611	Refuted.
612	Refuted.
613	Supported.
614	Refuted
615	Refuted.
616	Supported.
617	Supported.
618	Supported.
619	Supported.
620	Refuted.
621	Refuted.
622	Supported.
623	Refuted.
624	Supported.
625	Refuted.
626	Supported.
627	Supported.
628	Supported.
629	Supported.
630	Supported.
631	Supported.
632	Supported.
633	Supported.
634	Supported.
635	Supported.
636	Supported.
637	Supported.
638	Supported.
639	Supported.
640	Refuted.
641	Supported.
642	Supported.
643	Refuted.
644	Supported.
645	Refuted.
646	Supported.
647	Supported.
648	Refuted.
649	Supported.
650	Refuted.
651	Refuted.
652	Refuted.
653	Refuted.
654	Supported.
655	Supported.
656	Supported.
657	Supported.
658	Supported.
659	Supported.
660	Refuted.
661	supported
662	Supported.
663	Supported.
664	Supported.
665	supported
666	Supported.
667	Supported.
668	Refuted.
669	Supported.
670	Refuted.
671	Refuted.
672	Refuted.
673	Refuted.
674	Supported.
675	Refuted
676	Refuted.
677	Supported.
678	Supported.
679	Supported.
680	Refuted.
681	Refuted
682	Supported.
683	Refuted.
684	Supported.
685	Supported.
686	Supported.
687	Supported.
688	Refuted.
689	Refuted.
690	Supported
691	Refuted.
692	Refuted.
693	Refuted.
694	Refuted.
695	Supported.
696	Supported.
697	Supported.
698	Supported.
699	Refuted.
700	Refuted.
701	Supported.
702	Refuted.
703	Supported.
704	Supported.
705	Supported.
706	Supported.
707	Supported.
708	Supported.
709	Supported.
710	Refuted.
711	Supported.
712	Refuted.
713	Supported
714	supported
715	refuted
716	Supported.
717	Refuted
718	Supported.
719	refuted
720	refuted
721	Supported.
722	Refuted.
723	Supported.
724	Supported
725	Refuted.
726	Supported.
727	Supported.
728	supported
729	Refuted.
730	Supported.
731	Supported.
732	Refuted.
733	Supported.
734	Supported
735	Supported.
736	Supported.
737	Supported.
738	Refuted.
739	Refuted.
740	Refuted.
741	Supported.
742	Refuted.
743	Refuted
744	Supported.
745	Supported.
746	Refuted.
747	Supported.
748	Supported.
749	Refuted.
750	Supported.
751	Refuted.
752	Refuted.
753	Refuted.
754	Supported.
755	Supported.
756	Supported.
757	Supported.
758	Supported.
759	Supported.
760	Supported.
761	Supported.
762	Supported.
763	Refuted.
764	Supported.
765	Supported.
766	Supported.
767	Supported.
768	Supported.
769	Supported.
770	Refuted.
771	Refuted.
772	Refuted.
773	Supported.
774	Supported.
775	Supported.
776	Refuted.
777	Supported.
778	Refuted.
779	Supported.
780	Supported.
781	Supported.
782	Supported.
783	Refuted
784	Supported.
785	Supported.
786	Supported.
787	Refuted.
788	Supported.
789	Refuted.
790	Supported.
791	Supported.
792	Refuted.
793	Refuted.
794	Refuted.
795	Supported.
796	Refuted.
797	Supported.
798	Refuted.
799	Supported.
800	Supported.
801	Supported.
802	Supported.
803	Supported.
804	Supported.
805	Supported.
806	Supported.
807	Supported.
808	Refuted.
809	Supported.
810	Refuted.
811	supported
812	Refuted.
813	Supported.
814	Supported.
815	Supported.
816	Supported.
817	Supported.
818	Supported.
819	Refuted.
820	Refuted.
821	Supported.
822	Refuted.
823	Supported.
824	Supported
825	Supported.
826	Supported.
827	Refuted.
828	Refuted
829	Supported.
830	Refuted.
831	supported
832	Refuted.
833	Supported.
834	Supported.
835	Supported.
836	Supported.
837	Refuted.
838	Supported.
839	Supported.
840	Refuted.
841	Supported.
842	Supported.
843	refuted
844	Supported.
845	Supported.
846	Refuted.
847	Supported.
848	Refuted.
849	Refuted.
850	Supported.
851	Supported.
852	Supported.
853	Supported.
854	Supported.
855	Supported.
856	Supported.
857	Supported.
858	Supported.
859	Refuted.
860	Supported.
861	Supported.
862	Refuted.
863	Supported.
864	Supported.
865	supported
866	Supported.
867	refuted
868	Supported
869	supported
870	Refuted.
871	Supported.
872	Supported.
873	Refuted.
874	Supported.
875	Supported.
876	Refuted
877	Supported.
878	Refuted.
879	Supported.
880	Supported.
881	Supported.
882	Supported.
883	Supported.
884	Supported.
885	Supported.
886	supported
887	Supported.
888	Supported.
889	Supported.
890	refuted
891	supported.
892	Refuted.
893	Supported.
894	refuted
895	Supported.
896	Supported.
897	Supported.
898	supported
899	Refuted.
900	Supported.
901	Supported.
902	Supported.
903	Supported.
904	Supported.
905	Supported.
906	Refuted.
907	Supported.
908	Refuted.
909	Refuted.
910	Supported.
911	Supported.
912	Supported.
913	Supported.
914	Supported.
915	refuted
916	Supported.
917	Refuted.
918	Supported.
919	Refuted.
920	Refuted.
921	Supported.
922	Supported.
923	Supported.
924	Supported.
925	Supported.
926	Refuted.
927	Refuted
928	Supported.
929	Supported.
930	Supported.
931	Supported.
932	Refuted.
933	Refuted.
934	Supported.
935	Refuted.
936	Supported.
937	Refuted.
938	Supported.
939	Refuted
940	Supported.
941	Supported.
942	Supported.
943	Supported.
944	Supported.
945	Supported.
946	Supported.
947	Supported.
948	Refuted.
949	Refuted.
950	Supported.
951	Supported.
952	Supported.
953	Supported.
954	Supported.
955	Refuted.
956	Refuted.
957	Supported.
958	Supported.
959	Supported.
960	Supported.
961	Supported.
962	Supported.
963	Refuted.
964	Refuted.
965	Refuted.
966	Refuted.
967	Supported.
968	Refuted.
969	Refuted.
970	Supported.
971	Supported.
972	Supported.
973	Supported.
974	Refuted.
975	Refuted.
976	Refuted.
977	Refuted.
978	Refuted.
979	Refuted.
980	Supported.
981	Supported.
982	Supported.
983	Supported.
984	Supported.
985	Supported.
986	Refuted
987	Supported.
988	Refuted
989	Supported.
990	Supported.
991	Supported.
992	Supported.
993	Supported.
994	Supported.
995	Refuted.
996	Refuted.
997	Supported.
998	Supported.
999	Refuted.
1000	Supported.
1001	Supported.
1002	Supported.
1003	Refuted.
1004	Supported.
1005	Supported.
1006	Supported.
1007	Refuted
1008	Supported.
1009	Supported.
1010	Supported.
1011	Supported.
1012	Refuted.
1013	Supported.
1014	Supported.
1015	Supported.
1016	Supported.
1017	Supported.
1018	Refuted.
1019	Supported.
1020	Supported.
1021	Supported.
1022	Refuted.
1023	Supported.
1024	Refuted.
1025	Supported.
1026	Supported.
1027	Supported.
1028	Supported.
1029	Supported.
1030	Supported
1031	Refuted
1032	Refuted.
1033	Supported.
1034	Refuted.
1035	Refuted.
1036	Supported.
1037	Supported.
1038	Supported.
1039	refuted
1040	Supported.
1041	Supported.
1042	Supported.
1043	Supported.
1044	Supported.
1045	Refuted.
1046	Refuted.
1047	Supported.
1048	Refuted.
1049	Refuted.
1050	Refuted.
1051	Supported.
1052	supported
1053	Supported.
1054	Refuted.
1055	Supported.
1056	Supported.
1057	Supported.
1058	Supported.
1059	Supported.
1060	Supported.
1061	Refuted.
1062	Refuted.
1063	Supported
1064	Supported.
1065	Supported.
1066	Supported.
1067	Supported.
1068	Supported.
1069	Supported.
1070	Supported.
1071	Supported.
1072	Supported.
1073	Refuted.
1074	Supported.
1075	Supported.
1076	Refuted.
1077	Refuted.
1078	Refuted.
1079	supported
1080	Supported.
1081	Supported.
1082	Refuted.
1083	Supported.
1084	Supported.
1085	Supported.
1086	Supported.
1087	Refuted.
1088	Supported.
1089	Refuted.
1090	Refuted.
1091	Supported.
1092	Refuted.
1093	Refuted.
1094	refuted
1095	Supported.
1096	Refuted.
1097	Supported.
1098	Supported.
1099	Supported.
1100	Supported.
1101	refuted
1102	Supported.
1103	Supported.
1104	Supported.
1105	Supported.
1106	Supported.
1107	Supported.
1108	Refuted.
1109	Supported.
1110	Refuted.
1111	Refuted.
1112	Supported.
1113	Supported.
1114	Supported.
1115	Supported.
1116	Supported.
1117	Supported.
1118	Refuted
1119	Supported.
1120	Supported.
1121	Supported.
1122	Supported.
1123	Supported.
1124	Supported.
1125	Supported.
1126	Refuted.
1127	Supported.
1128	Supported.
1129	Refuted.
1130	Supported.
1131	Refuted.
1132	Supported.
1133	Supported.
1134	Refuted.
1135	Refuted.
1136	Refuted
1137	Supported.
1138	Refuted.
1139	Supported.
1140	Supported.
1141	Supported.
1142	Supported.
1143	Supported.
1144	Refuted.
1145	Supported.
1146	Refuted.
1147	Supported.
1148	Refuted.
1149	Supported.
1150	Supported.
1151	Refuted.
1152	Refuted.
1153	Refuted.
1154	Supported.
1155	Supported
1156	Supported.
1157	Refuted.
1158	Refuted.
1159	Supported.
1160	Refuted.
1161	Refuted.
1162	Supported.
1163	Refuted.
1164	Refuted.
1165	Supported.
1166	Supported.
1167	Supported.
1168	Supported.
1169	Refuted.
1170	Refuted.
1171	Refuted.
1172	Supported.
1173	Supported.
1174	Supported.
1175	supported
1176	Supported.
1177	Refuted.
1178	Supported.
1179	Supported.
1180	Supported.
1181	Refuted
1182	Refuted.
1183	supported
1184	refuted
1185	Supported.
1186	Supported.
1187	Supported.
1188	Supported.
1189	Refuted.
1190	Supported.
1191	Supported.
1192	Refuted.
1193	Supported.
1194	Supported.
1195	Refuted.
1196	Refuted.
1197	Supported.
1198	Supported.
1199	Supported.
1200	Supported.
1201	Supported.
1202	Refuted
1203	Supported.
1204	Supported.
1205	Supported.
1206	Refuted.
1207	Supported.
1208	Supported.
1209	Supported.
1210	Supported
1211	Supported.
1212	Supported.
1213	Supported.
1214	supported
1215	Supported.
1216	supported
1217	Supported.
1218	Refuted
1219	Supported.
1220	Supported.
1221	Refuted.
1222	Supported.
1223	Supported.
1224	Supported.
1225	Supported.
1226	Supported.
1227	Supported.
1228	Supported.
1229	Supported.
1230	Supported.
1231	Supported.
1232	Supported.
1233	supported
1234	Supported.
1235	Refuted.
1236	Refuted.
1237	Refuted.
1238	Supported.
1239	Supported.
1240	Supported.
1241	Refuted.
1242	Supported.
1243	Supported.
1244	Supported.
1245	Refuted.
1246	Refuted.
1247	Supported.
1248	Supported.
1249	Supported.
1250	Refuted.
1251	Supported.
1252	Supported.
1253	Supported.
1254	Supported.
1255	Supported
1256	Supported.
1257	Supported.
1258	Supported.
1259	Supported.
1260	Supported.
1261	Supported.
1262	Supported.
1263	Refuted.
1264	Supported.
1265	Supported.
1266	Supported.
1267	Refuted.
1268	Refuted.
1269	Refuted.
1270	Supported.
1271	Supported.
1272	Supported.
1273	Supported.
1274	Supported.
1275	Supported.
1276	Refuted.
1277	Supported.
1278	Refuted.
1279	Supported.
1280	Supported.
1281	Supported.
1282	Supported.
1283	Refuted.
1284	Supported.
1285	Supported.
1286	Supported.
1287	Supported.
1288	Refuted.
1289	Supported.
1290	Refuted.
1291	Supported.
1292	Supported.
1293	Refuted.
1294	Refuted
1295	Refuted.
1296	Refuted.
1297	Supported.
1298	Supported.
1299	Supported.
1300	Refuted.
1301	Refuted.
1302	Supported.
1303	Supported.
1304	supported
1305	Refuted.
1306	Supported.
1307	Refuted.
1308	Supported.
1309	Supported.
1310	Supported.
1311	Refuted.
1312	Supported.
1313	Supported.
1314	Supported.
1315	Refuted.
1316	Supported.
1317	Refuted.
1318	Refuted.
1319	Supported.
1320	Supported.
1321	Supported.
1322	Refuted.
1323	Refuted.
1324	Refuted.
1325	Refuted.
1326	Supported.
1327	Supported.
1328	Refuted.
1329	Supported.
1330	Supported.
1331	Refuted.
1332	Refuted.
1333	Supported.
1334	Supported.
1335	Supported.
1336	Supported.
1337	Supported.
1338	Supported.
1339	Refuted.
1340	Refuted.
1341	Supported.
1342	Supported.
1343	Supported.
1344	Refuted.
1345	Supported.
1346	Supported.
1347	Refuted.
1348	Refuted.
1349	Supported.
1350	Refuted.
1351	Supported.
1352	Supported.
1353	Supported.
1354	Supported.
1355	Supported.
1356	Supported.
1357	Supported.
1358	Refuted.
1359	Supported.
1360	Supported.
1361	Supported.
1362	Supported.
1363	Supported.
1364	Refuted.
1365	Supported.
1366	supported.
1367	Supported.
1368	Supported.
1369	Supported.
1370	Supported.
1371	Refuted
1372	Refuted
1373	Supported.
1374	Supported.
1375	Supported.
1376	Supported.
1377	Supported.
1378	Refuted.
1379	Refuted
1380	Refuted.
1381	Refuted.
1382	Supported.
1383	Refuted.
1384	Supported.
1385	Supported.
1386	Supported.
1387	Supported.
1388	Supported.
1389	Supported.
1390	Refuted.
1391	Supported.
1392	Supported.
1393	Supported.
1394	Supported.
1395	Supported.
1396	Supported.
1397	Supported.
1398	Supported.
1399	Supported.
1400	Refuted.
1401	Refuted.
1402	Supported.
1403	Refuted.
1404	Refuted.
1405	Supported.
1406	Refuted.
1407	Supported.
1408	Supported.
1409	Supported.
1410	Supported.
1411	Supported.
1412	supported
1413	Refuted.
1414	Supported.
1415	Supported.
1416	Supported.
1417	Supported.
1418	Supported.
1419	Supported.
1420	Supported.
1421	Supported.
1422	Supported.
1423	Supported.
1424	Supported.
1425	Supported
1426	Supported.
1427	Refuted.
1428	Supported.
1429	Supported.
1430	Supported.
1431	Supported.
1432	Supported.
1433	Supported.
1434	Supported.
1435	Supported.
1436	Supported.
1437	Supported.
1438	Refuted.
1439	Refuted.
1440	Supported.
1441	Supported.
1442	Supported.
1443	Refuted.
1444	Refuted.
1445	Supported.
1446	Refuted.
1447	Supported.
1448	Supported.
1449	Supported.
1450	Supported.
1451	Refuted.
1452	Refuted
1453	Supported.
1454	Refuted.
1455	Supported.
1456	Supported.
1457	Supported.
1458	Supported.
1459	Supported.
1460	Supported.
1461	Supported.
1462	Supported.
1463	Supported.
1464	Refuted.
1465	Refuted.
1466	supported.
1467	Supported.
1468	Supported.
1469	supported
1470	Supported.
1471	Supported.
1472	Refuted.
1473	Supported.
1474	Refuted.
1475	supported
1476	Supported.
1477	Supported.
1478	Supported.
1479	Supported.
1480	Supported.
1481	Supported.
1482	Supported.
1483	Supported.
1484	Supported.
1485	Refuted.
1486	Refuted.
1487	Supported.
1488	Supported.
1489	Supported.
1490	Refuted.
1491	Supported.
1492	Refuted.
1493	Supported
1494	Supported.
1495	Supported.
1496	Supported.
1497	Supported.
1498	Supported.
1499	Supported.
1500	Supported.
1501	Refuted.
1502	Refuted.
1503	Refuted.
1504	Refuted.
1505	refuted
1506	Refuted.
1507	Supported.
1508	Supported.
1509	Supported.
1510	Refuted.
1511	Supported.
1512	Supported.
1513	Supported.
1514	Refuted.
1515	Supported.
1516	Refuted.
1517	Supported.
1518	Supported.
1519	Refuted.
1520	Supported.
1521	Supported.
1522	Supported.
1523	Supported.
1524	Supported.
1525	Supported.
1526	Supported.
1527	Supported.
1528	Refuted.
1529	Refuted.
1530	Refuted.
1531	Supported.
1532	Supported.
1533	Supported.
1534	Refuted.
1535	supported
1536	Refuted.
1537	Supported.
1538	Supported.
1539	Supported.
1540	Supported.
1541	Supported.
1542	Supported.
1543	Supported.
1544	Supported.
1545	Refuted
1546	Supported.
1547	Refuted.
1548	Supported.
1549	Refuted.
1550	Supported.
1551	Supported.
1552	Supported.
1553	Refuted.
1554	refuted
1555	Supported.
1556	Refuted.
1557	Supported.
1558	Supported.
1559	Supported.
1560	Supported.
1561	Supported.
1562	Refuted.
1563	Refuted.
1564	Supported.
1565	Supported.
1566	Supported.
1567	Refuted.
1568	Refuted.
1569	Supported.
1570	Supported.
1571	Refuted.
1572	Supported.
1573	Supported.
1574	Supported.
1575	Supported.
1576	Supported.
1577	Refuted.
1578	Supported.
1579	Supported.
1580	Refuted.
1581	supported
1582	Supported.
1583	Supported.
1584	Refuted.
1585	Supported.
1586	supported
1587	Supported.
1588	Refuted.
1589	Refuted.
1590	Supported.
1591	Supported.
1592	Supported.
1593	Supported.
1594	Supported.
1595	Supported.
1596	Supported.
1597	Refuted.
1598	Refuted.
1599	Refuted.
1600	Refuted.
1601	Supported.
1602	Supported.
1603	Supported.
1604	Supported.
1605	Supported.
1606	Supported.
1607	Supported.
1608	Supported.
1609	Supported.
1610	Supported.
1611	Supported.
1612	Supported.
1613	Refuted.
1614	Refuted.
1615	Refuted.
1616	Supported.
1617	Supported.
1618	Supported.
1619	Supported.
1620	Supported.
1621	Refuted.
1622	Refuted.
1623	Supported.
1624	Supported.
1625	Supported.
1626	Supported.
1627	Refuted.
1628	Supported.
1629	Supported.
1630	Refuted.
1631	Supported.
1632	Supported.
1633	Supported.
1634	Supported.
1635	Supported.
1636	Refuted.
1637	Supported.
1638	Supported.
1639	Refuted.
1640	Supported.
1641	Supported.
1642	supported.
1643	Supported.
1644	Supported.
1645	Supported.
1646	Refuted.
1647	Refuted.
1648	Supported.
1649	Supported.
1650	Supported.
1651	Refuted.
1652	Supported.
1653	Supported.
1654	Supported.
1655	Supported.
1656	Supported.
1657	Supported.
1658	Supported.
1659	Supported.
1660	Refuted.
1661	Supported.
1662	Refuted.
1663	Supported.
1664	Supported.
1665	Supported.
1666	Refuted.
1667	Refuted.
1668	Supported.
1669	Supported.
1670	Supported.
1671	Supported.
1672	Supported.
1673	Supported.
1674	Refuted.
1675	Supported.
1676	Supported.
1677	Supported.
1678	Supported.
1679	Supported.
1680	Supported.
1681	Refuted.
1682	Refuted.
1683	Supported.
1684	Refuted.
1685	Supported.
1686	Supported.
1687	Supported.
1688	Supported.
1689	Supported.
1690	Refuted
1691	Refuted.
1692	Refuted.
1693	Supported.
1694	Supported.
1695	Supported.
1696	Refuted.
1697	Supported.
1698	Supported.
1699	Supported.
1700	Supported.
1701	Supported.
1702	Refuted.
1703	Refuted.
1704	Refuted.
1705	Supported.
1706	Supported.
1707	Supported.
1708	Supported.
1709	SupportedException
1710	Supported.
1711	Refuted.
1712	Supported.
1713	Supported.
1714	Refuted.
1715	Refuted.
1716	Supported.
1717	Supported.
1718	Supported.
1719	Supported.
1720	Supported.
1721	Supported.
1722	Refuted.
1723	Refuted.
1724	Supported.
1725	Supported
1726	Supported.
1727	supported
1728	Supported.
1729	Supported.
1730	Refuted.
1731	Supported.
1732	Supported.
1733	Supported.
1734	Supported.
1735	Supported.
1736	Supported.
1737	Supported.
1738	Refuted.
1739	Refuted.
1740	Refuted.
1741	Refuted.
1742	Supported.
1743	Supported.
1744	Supported.
1745	Supported.
1746	Supported.
1747	Supported.
1748	Supported.
1749	Supported.
1750	Refuted.
1751	Refuted
1752	Supported.
1753	Supported.
1754	Supported.
1755	Refuted.
1756	Refuted.
1757	Supported.
1758	Supported.
1759	Supported.
1760	Supported.
1761	Supported.
1762	Supported.
1763	Supported.
1764	Refuted.
1765	Refuted.
1766	refuted
1767	Refuted.
1768	Refuted.
1769	Supported.
1770	Supported.
1771	Supported.
1772	Supported.
1773	Supported.
1774	Refuted.
1775	Supported.
1776	Refuted.
1777	Supported.
1778	supported
1779	Supported.
1780	Supported.
1781	Supported.
1782	supported
1783	Supported.
1784	Supported.
1785	Supported.
1786	Refuted.
1787	Supported
1788	Supported.
1789	Supported.
1790	Supported.
1791	Refuted.
1792	Supported.
1793	Supported.
1794	Supported.
1795	Supported.
1796	supported
1797	Supported.
1798	Refuted.
1799	Refuted.
1800	Refuted.
1801	Refuted.
1802	supported
1803	Supported.
1804	Supported.
1805	Refuted.
1806	refuted
1807	Supported.
1808	Unsupported.
1809	Supported.
1810	Supported.
1811	Refuted.
1812	Refuted.
1813	Supported.
1814	Refuted.
1815	supported
1816	Supported.
1817	Supported.
1818	Supported.
1819	Supported.
1820	Supported.
1821	Supported.
1822	Refuted.
1823	Refuted.
1824	Supported.
1825	Refuted.
1826	supported
1827	Refuted.
1828	Supported.
1829	Supported.
1830	Supported.
1831	Supported.
1832	supported
1833	Refuted.
1834	Supported.
1835	Refuted.
1836	Refuted.
1837	Supported.
1838	Supported.
1839	Supported.
1840	Supported.
1841	Supported.
1842	Refuted.
1843	Refuted.
1844	Supported.
1845	Refuted.
1846	Supported.
1847	Refuted.
1848	Supported.
1849	Supported.
1850	Supported.
1851	Supported.
1852	Supported.
1853	Refuted.
1854	Supported.
1855	Supported.
1856	Refuted.
1857	Unsupported.
1858	Refuted.
1859	Supported.
1860	Refuted
1861	Supported.
1862	Supported.
1863	Supported.
1864	refuted
1865	Supported.
1866	Supported.
1867	Supported.
1868	Supported.
1869	Supported.
1870	Refuted.
1871	Supported.
1872	supported
1873	Supported.
1874	Refuted.
1875	Refuted.
1876	Supported.
1877	Refuted
1878	Supported
1879	Supported.
1880	Supported.
1881	Supported.
1882	Supported.
1883	Supported.
1884	Supported.
1885	Supported.
1886	Supported.
1887	Supported.
1888	Refuted.
1889	Supported.
1890	Supported.
1891	Supported.
1892	Supported.
1893	Refuted.
1894	Supported.
1895	Refuted.
1896	Refuted.
1897	Supported.
1898	Supported.
1899	Supported.
1900	Supported.
1901	Supported.
1902	Refuted.
1903	Refuted.
1904	Supported.
1905	Supported.
1906	Supported.
1907	Refuted.
1908	Supported.
1909	Supported.
1910	Refuted.
1911	Supported.
1912	Supported.
1913	Supported.
1914	Supported.
1915	Supported.
1916	Supported.
1917	Refuted
1918	refuted
1919	Refuted.
1920	Refuted.
1921	Supported.
1922	Supported.
1923	Supported.
1924	Supported.
1925	Supported.
1926	Supported.
1927	Supported.
1928	Refuted.
1929	Supported.
1930	Refuted
1931	Refuted.
1932	Supported.
1933	supported
1934	Supported.
1935	supported
1936	Supported.
1937	Supported.
1938	Supported.
1939	Supported.
1940	Refuted.
1941	Supported
1942	Supported.
1943	Refuted.
1944	Supported.
1945	Supported.
1946	Supported.
1947	Supported.
1948	Supported.
1949	refuted
1950	Supported.
1951	Supported.
1952	Supported.
1953	Supported.
1954	Refuted.
1955	Supported.
1956	Supported.
1957	Supported.
1958	Refuted.
1959	Supported.
1960	Supported.
1961	Supported.
1962	Supported.
1963	Refuted.
1964	Supported.
1965	Supported.
1966	Supported.
1967	Supported.
1968	Supported.
1969	Supported.
1970	Supported.
1971	Supported.
1972	Supported.
1973	Supported.
1974	Supported.
1975	Refuted.
1976	Supported.
1977	Supported.
1978	Supported.
1979	Refuted.
1980	Supported.
1981	Refuted.
1982	Refuted.
1983	Supported.
1984	Supported.
1985	Refuted.
1986	Supported.
1987	Supported.
1988	Supported.
1989	Supported.
1990	Supported.
1991	Refuted.
1992	Supported.
1993	Supported.
1994	Supported.
1995	Refuted.
1996	Supported.
1997	Supported.
1998	Supported.
1999	Refuted.
2000	Supported.
2001	Refuted.
2002	Refuted.
2003	Supported.
2004	Supported.
2005	Supported.
2006	Supported.
2007	Supported.
2008	Supported.
2009	Supported.
2010	Supported.
2011	Supported.
2012	Supported.
2013	Refuted.
2014	Supported.
2015	Refuted.
2016	Supported.
2017	Supported.
2018	Supported.
2019	Supported.
2020	supported
2021	Supported.
2022	Supported.
2023	Supported.
2024	Refuted.
